,Optimizer Name,Running loop number,Average Test set Loss,Average Test set accuracy
0,SimpleSGD,1,1.3711539784143136,55.37037037037037
1,SimpleSGD,2,1.3975394021633059,56.407407407407405
