,Optimizer Name,Running loop number,Epoch number,Average Training Loss
0,SimpleSGD,1,1,4.754974186420441
1,SimpleSGD,1,2,4.727687358856201
2,SimpleSGD,1,3,4.703820675611496
3,SimpleSGD,1,4,4.685100615024567
4,SimpleSGD,1,5,4.665473639965057
5,SimpleSGD,1,6,4.642903536558151
6,SimpleSGD,1,7,4.6274459064006805
7,SimpleSGD,1,8,4.611426442861557
8,SimpleSGD,1,9,4.594466149806976
9,SimpleSGD,1,10,4.5807061195373535
