,Optimizer Name,Running loop number,Average Test set Loss,Average Test set accuracy
0,SimpleSGD,1,4.6340287788627075,1.5774922751666938
1,SimpleSGD,2,4.610589263365441,2.146690518783542
2,SimpleSGD,3,4.64061950899891,0.683037892340218
3,SimpleSGDCurvature,1,4.358334194753588,5.724508050089446
