optimizer,momentum,mean_accuracy,std_accuracy
RMSProp,,0.14559277931370954,0.015457100778346791
RMSPropMomentum,,0.1389656854773134,0.019348127382496007
