,Optimizer Name,Running loop number,Average Test set Loss,Average Test set accuracy
0,SimpleSGD,1,0.6064804285764694,78.02
1,SimpleSGD,2,0.594457545876503,78.55
2,SimpleSGDCurvature,1,0.4612858727574348,83.46000000000001
3,SimpleSGDCurvature,2,0.44446382075548174,84.02
4,Adam,1,0.5768940284848213,92.65
5,Adam,2,0.5638205021619797,92.67
6,AdamCurvature,1,0.635088887810707,92.16
7,AdamCurvature,2,0.6270752564072609,91.89
