,Optimizer Name,Running loop number,Average Test set Loss,Average Test set accuracy
0,SimpleSGD,1,2.764254449592794,40.175175751988014
1,SimpleSGD,2,2.704701666008024,40.889708424570706
2,SimpleSGD,3,2.6263417077305564,42.61841650339979
3,SimpleSGDCurvature,1,2.2627026805763735,48.55364757404633
4,SimpleSGDCurvature,2,2.092181794674081,52.63339864008297
5,SimpleSGDCurvature,3,2.2338303202653633,49.78679267027775
6,Adam,1,0.02076320085682263,99.46986285582574
7,Adam,2,0.014929672942138768,99.71188198686181
