,Optimizer Name,Running loop number,Average Test set Loss,Average Test set accuracy
0,SimpleSGD,1,3.4209229232399325,19.470000000000002
1,SimpleSGD,2,3.451018498961333,18.87
2,SimpleSGDCurvature,1,3.591472230899106,18.04
3,SimpleSGDCurvature,2,3.54029524098536,18.84
4,Adam,1,6.688405729403161,30.470000000000002
