,Optimizer Name,Running loop number,Average Test set Loss,Average Test set accuracy
0,SimpleSGD,1,3.443488777063455,20.119999999999997
1,SimpleSGD,2,3.441299569075275,20.03
2,SimpleSGDCurvature,1,3.1592438934714933,25.040000000000003
3,SimpleSGDCurvature,2,3.220784516850854,24.709999999999997
