Optimizer Name,Running loop number,Initial CPU Memory (MB),Peak CPU Memory (MB),Initial GPU Memory Allocated (MB),Peak GPU Memory Allocated (MB),Initial GPU Memory Reserved (MB),Peak GPU Memory Reserved (MB)
SimpleSGD,1,1900.67578125,3307.23046875,72.2724609375,160.794921875,74.0,528.0
SimpleSGD,2,3308.3359375,3312.97265625,88.5224609375,160.794921875,254.0,508.0
SimpleSGDCurvature,1,3373.2265625,3373.28515625,88.5224609375,160.794921875,182.0,652.0
SimpleSGDCurvature,2,3374.2421875,3374.2421875,88.5224609375,160.794921875,254.0,652.0
