Optimizer Name,Running loop number,Initial CPU Memory (MB),Peak CPU Memory (MB),Initial GPU Memory Allocated (MB),Peak GPU Memory Allocated (MB),Initial GPU Memory Reserved (MB),Peak GPU Memory Reserved (MB)
SimpleSGD,1,4527.41015625,4851.96875,152.94287109375,322.1357421875,156.0,5756.0
SimpleSGD,2,4853.375,4853.375,169.19287109375,322.1357421875,540.0,6034.0
SimpleSGDCurvature,1,4838.4453125,4860.82421875,169.19287109375,322.1357421875,386.0,5778.0
SimpleSGDCurvature,2,4861.015625,4861.015625,169.19287109375,322.1357421875,576.0,5982.0
Adam,1,4861.10546875,4861.76953125,169.19287109375,628.021484375,386.0,5972.0
