,Optimizer Name,Running loop number,Average Test set Loss,Average Test set accuracy
0,SimpleSGD,1,1.5904849370320637,24.35923076923077
1,SimpleSGD,2,1.589279054470782,24.694769230769232
2,SimpleSGDCurvature,1,1.415823092625576,35.86246153846154
3,SimpleSGDCurvature,2,1.4363523354320407,34.991692307692304
4,Adam,1,1.4807789681842491,32.25692307692308
