,Optimizer Name,Running loop number,Average Test set Loss,Average Test set accuracy
0,SimpleSGD,1,0.3844462635505731,89.62
1,SimpleSGD,2,0.3823294810191461,89.48
2,SimpleSGDCurvature,1,0.11790881949850614,96.61
3,SimpleSGDCurvature,2,0.10480639629457501,96.81
4,Adam,1,0.08498711862119736,97.53
5,Adam,2,0.10083789206905198,97.0
6,AdamCurvature,1,0.09856582081802175,96.95
7,AdamCurvature,2,0.0946938103391803,97.22
