Optimizer Name,Running loop number,Initial CPU Memory (MB),Peak CPU Memory (MB),Initial GPU Memory Allocated (MB),Peak GPU Memory Allocated (MB),Initial GPU Memory Reserved (MB),Peak GPU Memory Reserved (MB)
SimpleSGD,1,1770.703125,2248.984375,0.388671875,17.02734375,2.0,24.0
SimpleSGD,2,2248.984375,2248.984375,16.638671875,17.02734375,22.0,24.0
SimpleSGDCurvature,1,2257.515625,2257.515625,16.638671875,17.02734375,22.0,26.0
SimpleSGDCurvature,2,2258.75390625,2258.75390625,16.638671875,17.02734375,22.0,24.0
Adam,1,2259.16015625,2259.16015625,16.638671875,17.8046875,22.0,24.0
Adam,2,2259.16015625,2259.16015625,16.638671875,17.8046875,24.0,24.0
AdamCurvature,1,2260.2421875,2260.2421875,16.638671875,17.8046875,24.0,26.0
AdamCurvature,2,2260.2421875,2260.2421875,16.638671875,17.8046875,24.0,26.0
