optimizer,momentum,mean_accuracy,std_accuracy
AdamCurvature,,0.6873786407766991,0.0019417475728155664
AdagradCurvature,,0.6864077669902913,0.000970873786407811
AdadeltaCurvature,,0.6873786407766991,0.0
RMSPropCurvature,,0.7009708737864078,0.009708737864077666
RMSPropMomentumCurvature,,0.7009708737864078,0.009708737864077666
AdamWCurvature,,0.6873786407766991,0.0019417475728155664
NAdamCurvature,,0.6941747572815533,0.00873786407766991
NAdamWCurvature,,0.6922330097087379,0.0029126213592232664
AMSGradCurvature,,0.6873786407766991,0.0019417475728155664
