,Optimizer Name,Running loop number,Average Test set Loss,Average Test set accuracy
0,SimpleSGD,1,0.10955312328837107,99.236
1,SimpleSGD,2,0.13052759513906811,98.068
2,SimpleSGD,3,0.10820406352353218,98.468
3,SimpleSGDCurvature,1,9.061755135591687e-05,100.0
4,SimpleSGDCurvature,2,8.747017510240371e-05,100.0
5,SimpleSGDCurvature,3,8.170223327746164e-05,100.0
6,Adam,1,2.125821553941523e-05,100.0
7,Adam,2,0.000816133866020672,99.988
