Optimizer Name,Running loop number,Initial CPU Memory (MB),Peak CPU Memory (MB),Initial GPU Memory Allocated (MB),Peak GPU Memory Allocated (MB),Initial GPU Memory Reserved (MB),Peak GPU Memory Reserved (MB)
SimpleSGD,1,2665.2265625,2969.94140625,46.53466796875,109.3193359375,50.0,1484.0
SimpleSGD,2,3002.5546875,3003.32421875,62.78466796875,109.3193359375,214.0,1106.0
SimpleSGD,3,3003.4765625,3003.4765625,62.78466796875,109.3193359375,208.0,1914.0
SimpleSGDCurvature,1,3005.01953125,3005.01953125,62.78466796875,109.3193359375,152.0,1650.0
SimpleSGDCurvature,2,3005.65625,3005.65625,62.78466796875,109.3193359375,200.0,836.0
SimpleSGDCurvature,3,3005.69140625,3005.69140625,62.78466796875,109.3193359375,200.0,1220.0
Adam,1,3006.0390625,3006.0390625,62.78466796875,202.388671875,198.0,1706.0
Adam,2,3006.421875,3006.421875,62.78466796875,202.388671875,334.0,1834.0
