,Optimizer Name,Running loop number,Average Test set Loss,Average Test set accuracy
0,SimpleSGD,1,1.7518864490423993,39.04
1,SimpleSGD,2,1.7956618252833179,37.53
2,SimpleSGD,3,1.7464026455666608,38.31
3,SimpleSGDCurvature,1,1.1541009420042585,59.39
4,SimpleSGDCurvature,2,1.1848235623851704,58.10999999999999
5,SimpleSGDCurvature,3,1.158607790044918,59.38
6,Adam,1,1.5125674487678868,71.93
7,Adam,2,1.5767120529132284,71.19
