Optimizer Name,Running loop number,Initial CPU Memory (MB),Peak CPU Memory (MB),Initial GPU Memory Allocated (MB),Peak GPU Memory Allocated (MB),Initial GPU Memory Reserved (MB),Peak GPU Memory Reserved (MB)
SimpleSGD,1,1904.24609375,3271.3515625,8.0966796875,32.443359375,22.0,86.0
SimpleSGD,2,3279.74609375,3279.74609375,24.3466796875,32.443359375,62.0,94.0
SimpleSGD,3,3279.74609375,3279.74609375,24.3466796875,32.443359375,56.0,94.0
SimpleSGDCurvature,1,3302.578125,3302.69921875,24.3466796875,32.443359375,56.0,108.0
SimpleSGDCurvature,2,3302.69921875,3302.69921875,24.3466796875,32.443359375,56.0,108.0
SimpleSGDCurvature,3,3302.69921875,3302.69921875,24.3466796875,32.443359375,56.0,108.0
Adam,1,3331.8671875,3332.70703125,24.3466796875,48.63671875,56.0,108.0
Adam,2,3332.70703125,3332.70703125,24.3466796875,48.63671875,94.0,110.0
