optimizer,momentum,mean_accuracy,std_accuracy
RMSProp,,0.70559,0.016257026173319655
RMSPropMomentum,,0.7018800000000001,0.017596749699873567
