optimizer,momentum,mean_accuracy,std_accuracy
RMSProp,,0.999836,0.0004135504805945536
RMSPropMomentum,,0.9999559999999998,4.543126676639386e-05
