,Optimizer Name,Running loop number,Average Test set Loss,Average Test set accuracy
0,SimpleSGD,1,0.5315452267409889,80.62
1,SimpleSGD,2,0.5314072304090877,80.78
2,SimpleSGD,3,0.5156118093402522,81.15
3,SimpleSGDCurvature,1,0.3663045605466624,86.75
4,SimpleSGDCurvature,2,0.39005241149170383,85.99
5,SimpleSGDCurvature,3,0.4287397594778401,84.05
