Optimizer Name,Running loop number,Initial CPU Memory (MB),Peak CPU Memory (MB),Initial GPU Memory Allocated (MB),Peak GPU Memory Allocated (MB),Initial GPU Memory Reserved (MB),Peak GPU Memory Reserved (MB)
AMSGradCurvature,1,3164.80078125,3164.80078125,23.1572265625,48.0361328125,70.0,128.0
AMSGradCurvature,2,3164.80078125,3164.80078125,23.1572265625,48.0361328125,70.0,128.0
AMSGradCurvature,3,3164.80078125,3164.80078125,23.1572265625,48.0361328125,70.0,128.0
SimpleSGD,1,1777.8046875,3148.1171875,6.2197265625,29.376953125,22.0,64.0
SimpleSGD,2,3152.9921875,3152.9921875,23.1572265625,29.376953125,62.0,64.0
SimpleSGD,3,3152.9921875,3153.23828125,23.1572265625,29.376953125,62.0,64.0
SimpleSGDCurvature,1,3155.95703125,3155.95703125,23.1572265625,29.376953125,62.0,84.0
SimpleSGDCurvature,2,3155.95703125,3155.95703125,23.1572265625,29.376953125,42.0,84.0
SimpleSGDCurvature,3,3155.95703125,3155.95703125,23.1572265625,29.376953125,42.0,84.0
