,Optimizer Name,Running loop number,Average Test set Loss,Average Test set accuracy
0,SimpleSGD,1,1.7347619590759278,33.75
1,SimpleSGD,2,1.7509595851898194,34.2875
2,SimpleSGD,3,1.7554463243484497,32.887499999999996
