Optimizer Name,Running loop number,Initial CPU Memory (MB),Peak CPU Memory (MB),Initial GPU Memory Allocated (MB),Peak GPU Memory Allocated (MB),Initial GPU Memory Reserved (MB),Peak GPU Memory Reserved (MB)
SimpleSGD,1,2069.6953125,3572.30078125,42.70654296875,103.3642578125,64.0,2164.0
SimpleSGD,2,3575.546875,3575.390625,59.36279296875,103.8330078125,242.0,2172.0
SimpleSGD,3,3575.609375,3575.58203125,59.14404296875,102.9892578125,242.0,2172.0
