,Optimizer Name,Running loop number,Epoch number,Average Training Loss
0,SimpleSGD,1,1,2.253289672392833
1,SimpleSGD,1,2,2.161135278170622
2,SimpleSGD,1,3,2.0703124336049528
3,SimpleSGD,1,4,1.997434619106824
4,SimpleSGD,1,5,1.9299499762209156
5,SimpleSGD,1,6,1.8754124430161487
6,SimpleSGD,1,7,1.8256480376931685
7,SimpleSGD,1,8,1.7873294549652292
8,SimpleSGD,1,9,1.7481907862651198
9,SimpleSGD,1,10,1.7233549733705158
