,Optimizer Name,Running loop number,Average Test set Loss,Average Test set accuracy
0,SimpleSGD,1,1.7216156530380249,34.325
1,SimpleSGD,2,1.7401766061782837,33.85
2,SimpleSGD,3,1.705992018699646,35.05
3,SimpleSGDCurvature,1,1.552963830947876,41.099999999999994
4,SimpleSGDCurvature,2,1.5279669857025147,40.7375
5,SimpleSGDCurvature,3,1.5241161985397338,41.2125
6,Adam,1,1.196034556388855,61.2375
