optimizer,momentum,mean_accuracy,std_accuracy
RMSProp,,0.26151315789473684,0.010855263157894757
RMSPropMomentum,,0.48789473684210527,0.23789473684210527
