optimizer,momentum,mean_accuracy,std_accuracy
AdamCurvature,,0.25,0.0
AdagradCurvature,,0.91,0.0028947368421052833
AdadeltaCurvature,,0.5203947368421054,0.019342105263157883
RMSPropCurvature,,0.5809868421052632,0.11124999999999999
RMSPropMomentumCurvature,,0.44046052631578947,0.19046052631578947
AdamWCurvature,,0.25,0.0
NAdamCurvature,,0.25,0.0
NAdamWCurvature,,0.25,0.0
AMSGradCurvature,,0.6339473684210526,0.06434210526315792
