optimizer,momentum,mean_accuracy,std_accuracy
Adagrad,,0.9093421052631578,0.003947368421052644
Adadelta,,0.25868421052631574,0.00789473684210526
RMSProp,,0.8673026315789474,0.01651315789473684
RMSPropMomentum,,0.8333552631578948,0.03335526315789472
