optimizer,momentum,mean_accuracy,std_accuracy
Adagrad,,0.57257,0.005357060761275712
Adadelta,,0.35085,0.008432348427336237
RMSProp,,0.7240900000000001,0.005615238196194355
RMSPropMomentum,,0.72172,0.008395093805312717
