optimizer,momentum,mean_accuracy,std_accuracy
Adagrad,,0.8011111111111111,0.005555555555555536
Adadelta,,0.5342592592592592,0.01425925925925925
RMSProp,,0.6405555555555555,0.10499999999999998
RMSPropMomentum,,0.6122222222222222,0.0948148148148148
