optimizer,momentum,mean_accuracy,std_accuracy
RMSPropCurvature,,0.5653703703703703,0.0005555555555555869
RMSPropMomentumCurvature,,0.6146296296296296,0.06388888888888888
AdamWCurvature,,0.5762962962962963,0.10370370370370371
