optimizer,momentum,mean_accuracy,std_accuracy
AdamCurvature,,0.92031,0.0021533462331914913
AdagradCurvature,,0.8727,0.0020562101059959904
AdadeltaCurvature,,0.7872399999999999,0.003734755681433535
RMSPropCurvature,,0.9181900000000001,0.005077489537163048
RMSPropMomentumCurvature,,0.9170999999999999,0.0041751646674113504
AdamWCurvature,,0.9206199999999999,0.0016098447130080647
NAdamCurvature,,0.89794,0.00445627647257214
NAdamWCurvature,,0.89856,0.005678591374628041
AMSGradCurvature,,0.9218300000000001,0.0022939267643061114
