optimizer,momentum,mean_accuracy,std_accuracy
Adagrad,,0.87264,0.0018974720024285063
Adadelta,,0.78339,0.003811417059310107
RMSProp,,0.9114399999999998,0.005740243897257317
RMSPropMomentum,,0.91387,0.004054392679551394
