optimizer,momentum,mean_accuracy,std_accuracy
RMSProp,,0.9181999999999999,0.003694590640382238
RMSPropMomentum,,0.9151,0.0024645486402179147
