optimizer,momentum,mean_accuracy,std_accuracy
AdamCurvature,,0.2131240852171085,0.012723762835121328
AdagradCurvature,,0.2861440884696699,0.008624272485608465
AdadeltaCurvature,,0.020450479752805333,0.008567254578865625
