optimizer,momentum,mean_accuracy,std_accuracy
Adagrad,,0.2852089770694422,0.009464880300426828
Adadelta,,0.011749878028947796,0.004786317046900052
RMSProp,,0.15230118718490812,0.03412642608343467
RMSPropMomentum,,0.15596031875101643,0.03603487210163633
