optimizer,momentum,mean_accuracy,std_accuracy
RMSPropMomentum,,1.0,0.0
AdamW,,0.9999879999999999,1.833030277984169e-05
NAdam,,0.997644,0.004927293780565549
NAdamW,,0.9999520000000001,8.726969691708546e-05
