optimizer,momentum,mean_accuracy,std_accuracy
Adagrad,,0.999868,0.00018421726303469927
Adadelta,,0.9529599999999998,0.01792088390677202
RMSProp,,0.999996,1.2000000000012001e-05
RMSPropMomentum,,1.0,0.0
