optimizer,momentum,mean_accuracy,std_accuracy
NAG,,0.11460888525483783,0.004877495276144259
NAGCurvature,,0.12189970019078769,0.028290099530541343
