Optimizer Name,Running loop number,Initial CPU Memory (MB),Peak CPU Memory (MB),Initial GPU Memory Allocated (MB),Peak GPU Memory Allocated (MB),Initial GPU Memory Reserved (MB),Peak GPU Memory Reserved (MB)
SimpleSGD,1,1724.29296875,3276.16796875,42.88427734375,103.8720703125,64.0,2156.0
SimpleSGD,2,3277.3125,3298.67578125,59.38427734375,102.8017578125,290.0,2162.0
SimpleSGD,3,3298.66796875,3298.59765625,59.96435546875,102.4052734375,414.0,2234.0
SimpleSGD,4,3298.56640625,3319.9609375,59.55419921875,104.5087890625,652.0,2168.0
