,Optimizer Name,Running loop number,Average Test set Loss,Average Test set accuracy
0,SimpleSGD,1,3.637820888091536,23.39518266682033
1,SimpleSGD,2,3.671998903155327,23.90227036994353
2,SimpleSGD,3,3.653540992123239,22.323383657946295
3,SimpleSGD,4,3.6250019914963665,23.533479313126655
